<?xml version="1.0" encoding="utf-8"?>
<odoo>

        <record model="ir.module.category" id="module_catagory_physio">
            <field name="name">Physio</field>
            <field name="description">Catagory for physio</field>

        </record>
        <record id="group_receptionist" model="res.groups">
            <field name="name">Receptionist</field>
    	    <field name="category_id" ref="module_catagory_physio"/>
        </record>
        <record id="group_nurse" model="res.groups">
            <field name="name">Nurse</field>
    	    <field name="category_id" ref="module_catagory_physio"/>

            
        </record>
        <record id="group_clinician" model="res.groups">
            <field name="name">Clinician</field>
    	    <field name="category_id" ref="module_catagory_physio"/>

         
        </record>
 
</odoo>
